"Fecha","Cierre","Apertura","Máximo","Mínimo","Vol.","% var."
"30.12.2022","24.040","24.105","24.360","23.705","40.89K","-0.87%"
"29.12.2022","24.250","23.725","24.280","23.690","36.90K","1.72%"
"28.12.2022","23.840","24.240","24.275","23.645","34.29K","-1.56%"
"27.12.2022","24.217","24.050","24.495","23.975","45.23K","0.67%"
"26.12.2022","24.055","24.008","24.168","23.968","","0.56%"
"23.12.2022","23.920","23.740","24.095","23.685","31.56K","1.26%"
"22.12.2022","23.622","24.195","24.315","23.550","46.20K","-2.36%"
"21.12.2022","24.194","24.395","24.525","24.055","36.77K","-0.32%"
"20.12.2022","24.271","23.180","24.490","23.050","72.52K","4.62%"
"19.12.2022","23.199","23.415","23.625","23.030","33.18K","-0.55%"
"16.12.2022","23.328","23.270","23.445","22.735","51.26K","0.10%"
"15.12.2022","23.305","24.180","24.180","23.155","61.90K","-3.44%"
"14.12.2022","24.136","23.965","24.275","23.605","51.52K","0.61%"
"13.12.2022","23.990","23.520","24.390","23.490","74.31K","2.51%"
"12.12.2022","23.403","23.650","23.765","23.320","39.13K","-1.32%"
"09.12.2022","23.717","23.305","23.900","23.140","53.44K","2.03%"
"08.12.2022","23.246","22.920","23.425","22.725","44.88K","1.41%"
"07.12.2022","22.922","22.350","23.010","22.255","51.54K","2.63%"
"06.12.2022","22.335","22.435","22.780","22.190","49.86K","-0.37%"
"05.12.2022","22.417","23.290","23.690","22.350","72.92K","-3.58%"
"02.12.2022","23.250","22.975","23.475","22.480","74.94K","1.79%"
"01.12.2022","22.841","22.410","23.005","22.240","73.64K","4.87%"
"30.11.2022","21.781","21.415","22.410","21.355","63.51K","1.61%"
"29.11.2022","21.436","21.130","21.635","21.060","46.73K","1.47%"
"28.11.2022","21.125","21.640","21.815","21.045","59.18K","-2.24%"
"25.11.2022","21.609","21.785","21.880","21.355","30.82K","0.47%"
"24.11.2022","21.508","21.637","21.730","21.488","","-0.08%"
"23.11.2022","21.526","21.260","21.780","21.095","20.92K","1.40%"
"22.11.2022","21.229","21.050","21.555","21.050","22.91K","1.71%"
"21.11.2022","20.872","20.985","21.040","20.600","49.27K","-0.60%"
"18.11.2022","20.997","21.020","21.325","20.870","45.48K","0.10%"
"17.11.2022","20.975","21.505","21.535","20.785","68.30K","-2.55%"
"16.11.2022","21.524","21.630","22.155","21.455","71.72K","0.03%"
"15.11.2022","21.518","22.065","22.380","21.450","94.52K","-2.69%"
"14.11.2022","22.113","21.770","22.190","21.370","63.15K","2.06%"
"11.11.2022","21.667","21.770","22.160","21.355","77.86K","-0.16%"
"10.11.2022","21.702","21.115","21.940","21.045","92.92K","1.76%"
"09.11.2022","21.327","21.425","21.695","21.055","80.56K","-0.81%"
"08.11.2022","21.502","20.850","21.720","20.570","95.95K","2.79%"
"07.11.2022","20.919","20.570","21.080","20.435","76.41K","0.00%"
"06.11.2022","20.919","20.570","21.080","20.435","68.48K","0.65%"
"04.11.2022","20.784","19.500","20.965","19.425","112.10K","6.97%"
"03.11.2022","19.430","19.230","19.555","18.805","71.23K","-0.84%"
"02.11.2022","19.594","19.635","20.110","19.200","63.23K","-0.37%"
"01.11.2022","19.667","19.110","20.040","19.085","74.28K","2.87%"
"31.10.2022","19.119","19.200","19.225","18.865","35.79K","-0.15%"
"28.10.2022","19.147","19.565","19.620","18.950","50.43K","-1.78%"
"27.10.2022","19.494","19.555","19.660","19.255","58.01K","0.04%"
"26.10.2022","19.486","19.325","19.765","19.180","55.63K","0.71%"
"25.10.2022","19.349","19.195","19.410","18.740","54.44K","0.83%"
"24.10.2022","19.189","19.395","19.675","18.985","61.36K","0.65%"
"21.10.2022","19.066","18.625","19.405","18.205","85.07K","2.02%"
"20.10.2022","18.689","18.405","18.960","18.150","57.78K","1.80%"
"19.10.2022","18.359","18.685","18.755","18.305","36.44K","-1.30%"
"18.10.2022","18.600","18.625","18.865","18.490","39.82K","-0.64%"
"17.10.2022","18.719","18.160","18.890","18.155","52.19K","3.59%"
"14.10.2022","18.071","18.865","19.055","18.010","69.61K","-4.48%"
"13.10.2022","18.918","19.010","19.290","18.410","73.30K","-0.11%"
"12.10.2022","18.938","19.175","19.310","18.840","57.22K","-2.82%"
"11.10.2022","19.487","19.630","19.725","19.050","60.40K","-0.65%"
"10.10.2022","19.615","20.185","20.210","19.525","59.20K","-3.16%"
"07.10.2022","20.255","20.710","20.875","20.020","60.63K","-1.96%"
"06.10.2022","20.660","20.750","20.930","20.400","49.26K","0.56%"
"05.10.2022","20.544","21.120","21.135","19.985","80.04K","-2.63%"
"04.10.2022","21.099","20.745","21.310","20.680","73.44K","2.48%"
"03.10.2022","20.589","18.995","20.780","18.980","98.66K","8.14%"
"30.09.2022","19.039","18.810","19.300","18.745","53.86K","1.75%"
"29.09.2022","18.712","18.910","18.915","18.465","59.25K","-0.89%"
"28.09.2022","18.880","18.365","18.965","17.895","83.80K","2.96%"
"27.09.2022","18.337","18.350","18.785","18.295","63.09K","-0.77%"
"26.09.2022","18.480","18.850","19.045","18.310","81.81K","-2.27%"
"23.09.2022","18.910","19.660","19.745","18.760","82.52K","-3.60%"
"22.09.2022","19.617","19.645","19.890","19.250","63.37K","0.70%"
"21.09.2022","19.480","19.265","19.960","19.230","70.73K","1.55%"
"20.09.2022","19.183","19.595","19.605","19.070","42.27K","-0.90%"
"19.09.2022","19.358","19.600","19.690","19.235","44.27K","-0.12%"
"16.09.2022","19.381","19.175","19.640","18.770","58.15K","0.58%"
"15.09.2022","19.269","19.600","19.625","19.110","50.66K","-1.53%"
"14.09.2022","19.569","19.300","19.685","19.215","47.43K","0.40%"
"13.09.2022","19.491","19.785","19.930","19.295","76.43K","-1.86%"
"12.09.2022","19.860","18.815","20.005","18.775","82.32K","5.82%"
"09.09.2022","18.767","18.450","18.860","18.445","43.86K","1.76%"
"08.09.2022","18.442","18.395","18.665","18.240","53.20K","1.00%"
"07.09.2022","18.260","17.905","18.400","17.740","49.64K","1.97%"
"05.09.2022","17.908","17.940","18.465","17.815","73.96K","0.15%"
"02.09.2022","17.881","17.665","18.165","17.620","62.96K","1.22%"
"01.09.2022","17.666","17.850","17.865","17.400","66.96K","-1.21%"
"31.08.2022","17.882","18.290","18.390","17.800","63.46K","-2.21%"
"30.08.2022","18.287","18.675","18.700","18.225","58.00K","-1.45%"
"29.08.2022","18.557","18.770","18.770","18.300","33.39K","-1.01%"
"26.08.2022","18.746","19.130","19.345","18.680","53.72K","-1.96%"
"25.08.2022","19.120","18.995","19.260","18.955","46.31K","1.13%"
"24.08.2022","18.907","19.020","19.105","18.815","42.82K","-0.63%"
"23.08.2022","19.026","18.885","19.155","18.650","52.28K","0.78%"
"22.08.2022","18.878","18.970","19.065","18.605","55.52K","-1.00%"
"19.08.2022","19.069","19.470","19.480","18.925","55.57K","-2.03%"
"18.08.2022","19.464","19.740","19.885","19.410","46.16K","-1.35%"
"17.08.2022","19.731","20.105","20.240","19.630","49.57K","-1.76%"
"16.08.2022","20.085","20.230","20.250","19.860","41.92K","-0.92%"
"15.08.2022","20.272","20.805","20.870","20.020","55.09K","-2.06%"
"12.08.2022","20.698","20.260","20.850","20.190","46.59K","1.72%"
"11.08.2022","20.349","20.575","20.605","20.190","56.53K","-1.89%"
"10.08.2022","20.742","20.500","20.830","20.315","65.02K","1.27%"
"09.08.2022","20.482","20.695","20.740","20.400","53.85K","-0.64%"
"08.08.2022","20.614","19.840","20.745","19.745","68.07K","3.89%"
"05.08.2022","19.842","20.160","20.280","19.470","62.13K","-1.39%"
"04.08.2022","20.122","20.045","20.380","19.930","49.82K","1.15%"
"03.08.2022","19.894","19.955","20.140","19.750","47.27K","-1.22%"
"02.08.2022","20.139","20.340","20.495","19.915","64.54K","-1.10%"
"01.08.2022","20.362","20.335","20.510","20.065","58.52K","0.82%"
"29.07.2022","20.197","19.990","20.350","19.825","64.59K","1.66%"
"28.07.2022","19.868","19.050","20.000","19.010","86.52K","6.82%"
"27.07.2022","18.600","18.535","19.095","18.360","62.26K","0.35%"
"26.07.2022","18.535","18.330","18.620","18.285","40.82K","1.13%"
"25.07.2022","18.328","18.540","18.675","18.195","43.12K","-1.55%"
"22.07.2022","18.617","18.785","18.880","18.420","47.28K","-0.54%"
"21.07.2022","18.719","18.610","18.805","18.120","58.42K","0.27%"
"20.07.2022","18.668","18.695","19.030","18.565","42.47K","-0.24%"
"19.07.2022","18.713","18.655","18.845","18.510","36.80K","-0.67%"
"18.07.2022","18.840","18.675","18.950","18.585","42.25K","1.32%"
"15.07.2022","18.594","18.335","18.695","18.095","53.07K","2.02%"
"14.07.2022","18.225","19.180","19.180","18.010","82.27K","-5.05%"
"13.07.2022","19.194","18.870","19.360","18.790","63.75K","1.24%"
"12.07.2022","18.958","19.055","19.135","18.630","53.27K","-0.91%"
"11.07.2022","19.132","19.265","19.310","19.015","38.60K","-0.54%"
"08.07.2022","19.236","19.170","19.390","18.935","43.11K","0.25%"
"07.07.2022","19.188","19.170","19.435","19.035","42.48K","0.15%"
"06.07.2022","19.159","19.155","19.325","18.705","66.25K","0.20%"
"04.07.2022","19.121","19.880","20.100","18.970","85.00K","-2.78%"
"01.07.2022","19.667","20.290","20.290","19.295","75.67K","-3.37%"
"30.06.2022","20.352","20.725","20.785","20.145","61.10K","-1.86%"
"29.06.2022","20.738","20.840","21.065","20.610","53.00K","-0.33%"
"28.06.2022","20.806","21.170","21.355","20.720","42.01K","-1.71%"
"27.06.2022","21.168","21.200","21.535","21.080","48.09K","0.20%"
"24.06.2022","21.125","20.920","21.205","20.545","72.54K","0.39%"
"23.06.2022","21.042","21.420","21.495","20.890","71.94K","-1.77%"
"22.06.2022","21.421","21.670","21.675","21.205","55.92K","-1.59%"
"20.06.2022","21.768","21.520","21.950","21.430","64.99K","0.84%"
"17.06.2022","21.587","21.955","21.965","21.560","43.90K","-1.36%"
"16.06.2022","21.885","21.680","21.970","21.320","52.32K","2.17%"
"15.06.2022","21.420","21.010","21.845","20.970","70.54K","2.22%"
"14.06.2022","20.954","21.070","21.360","20.845","59.21K","-1.42%"
"13.06.2022","21.255","22.010","22.040","20.910","88.96K","-3.08%"
"10.06.2022","21.931","21.715","22.020","21.235","78.78K","0.52%"
"09.06.2022","21.817","22.085","22.165","21.535","63.62K","-1.25%"
"08.06.2022","22.094","22.275","22.275","21.795","44.94K","-0.38%"
"07.06.2022","22.178","22.085","22.300","21.840","51.45K","0.39%"
"06.06.2022","22.092","21.945","22.565","21.900","48.16K","0.84%"
"03.06.2022","21.908","22.355","22.525","21.860","37.47K","-1.65%"
"02.06.2022","22.275","21.860","22.380","21.785","35.94K","1.64%"
"01.06.2022","21.915","21.535","21.995","21.410","51.15K","1.05%"
"30.05.2022","21.688","22.150","22.310","21.455","67.95K","-1.85%"
"27.05.2022","22.096","22.035","22.475","21.940","38.41K","0.60%"
"26.05.2022","21.965","21.975","22.075","21.730","29.70K","0.43%"
"25.05.2022","21.870","22.115","22.145","21.725","32.08K","-0.87%"
"24.05.2022","22.063","21.770","22.215","21.645","36.83K","1.57%"
"23.05.2022","21.723","21.780","22.205","21.660","41.17K","0.23%"
"20.05.2022","21.674","21.965","22.080","21.580","34.79K","-1.07%"
"19.05.2022","21.908","21.430","22.010","21.250","41.28K","1.69%"
"18.05.2022","21.544","21.665","21.750","21.365","33.87K","-0.95%"
"17.05.2022","21.750","21.650","21.925","21.520","39.23K","0.92%"
"16.05.2022","21.551","21.105","21.710","20.835","46.63K","2.62%"
"13.05.2022","21.001","20.635","21.125","20.420","58.68K","1.10%"
"12.05.2022","20.773","21.555","21.625","20.590","82.00K","-3.72%"
"11.05.2022","21.575","21.210","21.970","21.200","80.77K","0.70%"
"10.05.2022","21.424","21.770","22.085","21.155","78.50K","-1.81%"
"09.05.2022","21.820","22.395","22.395","21.650","80.20K","-2.45%"
"06.05.2022","22.367","22.520","22.665","22.110","59.54K","-0.34%"
"05.05.2022","22.443","23.040","23.345","22.325","71.88K","0.18%"
"04.05.2022","22.402","22.600","23.125","22.220","58.06K","-1.16%"
"03.05.2022","22.665","22.700","22.890","22.440","43.73K","0.36%"
"02.05.2022","22.584","22.785","22.880","22.130","56.21K","-2.17%"
"29.04.2022","23.085","23.230","23.650","22.710","55.33K","-0.41%"
"28.04.2022","23.181","23.365","23.455","22.940","57.59K","-1.19%"
"27.04.2022","23.460","23.590","23.765","23.275","37.58K","-0.36%"
"26.04.2022","23.544","23.705","23.975","23.445","45.15K","-0.53%"
"25.04.2022","23.670","24.215","24.240","23.420","63.92K","-2.43%"
"22.04.2022","24.259","24.720","24.740","24.080","65.63K","-1.47%"
"21.04.2022","24.621","25.305","25.310","24.480","69.61K","-2.57%"
"20.04.2022","25.271","25.315","25.400","24.980","44.95K","-0.47%"
"19.04.2022","25.391","26.055","26.195","25.165","65.30K","-2.90%"
"18.04.2022","26.150","25.875","26.495","25.805","52.50K","1.75%"
"14.04.2022","25.700","25.955","26.115","25.460","51.61K","-1.27%"
"13.04.2022","26.030","25.585","26.070","25.530","62.66K","1.15%"
"12.04.2022","25.735","25.255","25.840","25.025","74.87K","2.99%"
"11.04.2022","24.987","24.925","25.600","24.795","76.96K","0.66%"
"08.04.2022","24.823","24.725","24.935","24.495","50.94K","0.36%"
"07.04.2022","24.735","24.570","24.780","24.335","48.61K","1.13%"
"06.04.2022","24.458","24.465","24.680","24.200","47.18K","-0.31%"
"05.04.2022","24.534","24.665","25.110","24.355","49.22K","-0.23%"
"04.04.2022","24.590","24.735","25.005","24.385","41.51K","-0.26%"
"01.04.2022","24.654","24.990","25.040","24.565","44.25K","-1.91%"
"31.03.2022","25.133","25.035","25.285","24.670","36.61K","0.08%"
"30.03.2022","25.113","24.920","25.265","24.855","38.79K","1.52%"
"29.03.2022","24.736","25.010","25.135","24.045","76.19K","-1.83%"
"28.03.2022","25.196","25.725","25.795","24.940","46.26K","-1.64%"
"25.03.2022","25.615","25.850","26.035","25.470","37.91K","-1.18%"
"24.03.2022","25.920","25.285","26.160","25.170","61.00K","2.90%"
"23.03.2022","25.189","24.915","25.370","24.780","34.15K","1.14%"
"22.03.2022","24.904","25.410","25.590","24.695","45.76K","-1.62%"
"21.03.2022","25.313","25.150","25.520","25.050","34.84K","0.90%"
"18.03.2022","25.087","25.595","25.640","24.980","38.06K","-2.07%"
"17.03.2022","25.616","25.240","25.750","25.165","40.14K","3.67%"
"16.03.2022","24.710","25.115","25.250","24.550","46.30K","-1.78%"
"15.03.2022","25.158","25.260","25.315","24.750","47.79K","-0.55%"
"14.03.2022","25.298","26.280","26.290","25.160","52.36K","-3.30%"
"11.03.2022","26.160","26.255","26.350","25.695","51.55K","-0.37%"
"10.03.2022","26.256","26.060","26.425","25.600","55.85K","1.70%"
"09.03.2022","25.816","26.925","27.390","25.730","87.11K","-4.01%"
"08.03.2022","26.895","25.805","27.495","25.550","127.21K","4.57%"
"07.03.2022","25.720","26.025","26.370","25.465","81.50K","-0.27%"
"04.03.2022","25.789","25.285","25.920","25.155","70.86K","2.29%"
"03.03.2022","25.212","25.450","25.665","25.075","57.47K","0.09%"
"02.03.2022","25.190","25.505","25.545","24.960","69.47K","-1.37%"
"01.03.2022","25.541","24.455","25.650","24.345","68.56K","4.82%"
"28.02.2022","24.366","24.620","24.880","24.155","55.28K","1.45%"
"25.02.2022","24.017","24.330","24.550","23.920","67.32K","-2.71%"
"24.02.2022","24.687","24.610","25.670","23.860","107.56K","0.55%"
"23.02.2022","24.553","24.145","24.620","24.050","62.69K","1.00%"
"21.02.2022","24.311","24.060","24.385","23.710","96.22K","1.33%"
"18.02.2022","23.992","23.855","24.115","23.700","52.87K","0.49%"
"17.02.2022","23.875","23.645","23.930","23.440","60.05K","1.14%"
"16.02.2022","23.605","23.380","23.670","23.290","47.87K","1.13%"
"15.02.2022","23.342","23.885","24.015","23.070","61.87K","-2.12%"
"14.02.2022","23.848","23.600","23.965","23.555","57.09K","2.05%"
"11.02.2022","23.369","23.205","23.710","22.855","77.04K","-0.65%"
"10.02.2022","23.522","23.310","23.735","23.145","77.91K","0.78%"
"09.02.2022","23.341","23.195","23.365","23.095","52.98K","0.61%"
"08.02.2022","23.200","23.025","23.265","22.770","52.51K","0.54%"
"07.02.2022","23.076","22.535","23.110","22.500","58.94K","2.67%"
"04.02.2022","22.475","22.420","22.690","22.100","47.76K","0.45%"
"03.02.2022","22.375","22.650","22.660","21.985","55.03K","-1.46%"
"02.02.2022","22.707","22.640","22.875","22.465","38.34K","0.50%"
"01.02.2022","22.595","22.490","23.060","22.405","48.40K","0.90%"
"31.01.2022","22.393","22.475","22.655","22.250","38.42K","0.41%"
"28.01.2022","22.301","22.790","22.830","22.150","63.81K","-1.65%"
"27.01.2022","22.676","23.565","23.625","22.585","82.12K","-4.75%"
"26.01.2022","23.807","23.850","24.025","23.460","55.62K","-0.37%"
"25.01.2022","23.896","24.045","24.045","23.635","53.18K","0.40%"
"24.01.2022","23.800","24.305","24.360","23.595","72.35K","-2.14%"
"21.01.2022","24.320","24.525","24.640","24.205","62.05K","-1.60%"
"20.01.2022","24.716","24.185","24.755","24.125","75.61K","2.00%"
"19.01.2022","24.231","23.505","24.265","23.430","73.90K","3.15%"
"17.01.2022","23.492","22.995","23.680","22.820","105.83K","2.50%"
"14.01.2022","22.918","23.115","23.345","22.845","50.67K","-1.05%"
"13.01.2022","23.162","23.190","23.315","23.025","53.38K","-0.19%"
"12.01.2022","23.207","22.820","23.260","22.680","55.76K","1.73%"
"11.01.2022","22.812","22.500","22.860","22.480","48.87K","1.56%"
"10.01.2022","22.462","22.385","22.540","22.205","44.53K","0.24%"
"07.01.2022","22.409","22.195","22.460","21.945","57.76K","0.99%"
"06.01.2022","22.190","22.810","22.850","22.000","73.89K","-4.23%"
"05.01.2022","23.170","23.095","23.300","22.750","41.19K","0.49%"
"04.01.2022","23.056","22.920","23.140","22.655","44.91K","1.08%"
"03.01.2022","22.810","23.385","23.440","22.690","46.32K","-2.32%"
"31.12.2021","23.352","23.095","23.390","23.070","30.39K","1.27%"
"30.12.2021","23.060","22.870","23.155","22.630","30.54K","0.88%"
"29.12.2021","22.858","23.050","23.185","22.600","40.03K","-1.14%"
"28.12.2021","23.121","23.105","23.480","23.005","42.75K","0.57%"
"27.12.2021","22.989","22.900","23.150","22.655","39.29K","0.21%"
"23.12.2021","22.940","22.815","22.965","22.680","33.91K","0.53%"
"22.12.2021","22.819","22.525","22.860","22.440","35.70K","1.29%"
"21.12.2021","22.529","22.290","22.805","22.185","45.67K","1.07%"
"20.12.2021","22.291","22.390","22.435","22.190","35.06K","-1.07%"
"17.12.2021","22.533","22.530","22.690","22.355","39.31K","0.21%"
"16.12.2021","22.485","22.070","22.560","21.930","56.37K","4.36%"
"15.12.2021","21.545","21.945","22.130","21.410","65.04K","-1.73%"
"14.12.2021","21.924","22.350","22.355","21.670","52.45K","-1.81%"
"13.12.2021","22.328","22.195","22.430","22.160","31.88K","0.60%"
"10.12.2021","22.195","21.975","22.240","21.815","43.90K","0.83%"
"09.12.2021","22.013","22.435","22.475","21.840","58.89K","-1.87%"
"08.12.2021","22.432","22.525","22.580","22.305","28.91K","-0.40%"
"07.12.2021","22.523","22.395","22.625","22.230","38.83K","1.17%"
"06.12.2021","22.263","22.610","22.635","22.125","41.15K","-0.97%"
"03.12.2021","22.481","22.410","22.590","22.035","54.13K","0.74%"
"02.12.2021","22.316","22.335","22.505","22.215","45.19K","-0.10%"
"01.12.2021","22.339","22.875","23.060","22.185","65.42K","-2.09%"
"30.11.2021","22.815","22.930","23.355","22.705","68.03K","-0.16%"
"29.11.2021","22.852","23.160","23.460","22.775","66.86K","-1.22%"
"25.11.2021","23.135","23.610","23.770","22.935","55.88K","-1.54%"
"24.11.2021","23.496","23.640","23.695","23.400","54.62K","0.26%"
"23.11.2021","23.435","24.210","24.340","23.280","93.87K","-3.55%"
"22.11.2021","24.297","24.670","24.955","24.140","78.54K","-1.95%"
"19.11.2021","24.781","24.850","25.040","24.610","67.98K","-0.48%"
"18.11.2021","24.900","25.150","25.230","24.730","63.62K","-1.06%"
"17.11.2021","25.167","24.860","25.285","24.850","54.35K","0.89%"
"16.11.2021","24.944","25.135","25.490","24.825","77.00K","-0.64%"
"15.11.2021","25.105","25.425","25.465","24.970","68.48K","-0.95%"
"12.11.2021","25.346","25.350","25.470","24.925","66.39K","0.18%"
"11.11.2021","25.301","24.710","25.365","24.645","82.02K","2.14%"
"10.11.2021","24.772","24.375","25.220","24.040","131.56K","1.87%"
"09.11.2021","24.318","24.550","24.565","24.090","65.11K","-0.91%"
"08.11.2021","24.542","24.285","24.590","24.130","67.62K","1.59%"
"05.11.2021","24.157","23.870","24.255","23.665","73.24K","1.03%"
"04.11.2021","23.911","23.530","24.115","23.485","68.46K","2.93%"
"03.11.2021","23.231","23.570","23.665","23.045","67.16K","-1.17%"
"02.11.2021","23.507","24.130","24.140","23.430","63.00K","-2.35%"
"01.11.2021","24.073","23.985","24.175","23.810","37.06K","0.52%"
"29.10.2021","23.949","24.135","24.140","23.705","57.80K","-0.71%"
"28.10.2021","24.120","24.130","24.310","24.020","45.96K","-0.29%"
"27.10.2021","24.191","24.220","24.330","23.905","48.09K","0.43%"
"26.10.2021","24.088","24.650","24.655","23.925","61.76K","-2.05%"
"25.10.2021","24.592","24.395","24.695","24.365","44.83K","0.58%"
"22.10.2021","24.449","24.220","24.920","24.185","83.28K","1.15%"
"21.10.2021","24.170","24.370","24.550","24.070","58.68K","-1.12%"
"20.10.2021","24.445","23.710","24.495","23.615","73.13K","2.35%"
"19.10.2021","23.883","23.250","24.180","23.220","79.07K","2.66%"
"18.10.2021","23.264","23.380","23.495","23.035","47.03K","-0.36%"
"15.10.2021","23.349","23.565","23.645","23.100","52.25K","-0.55%"
"14.10.2021","23.477","23.100","23.625","22.925","54.28K","1.32%"
"13.10.2021","23.170","22.570","23.285","22.480","71.90K","2.91%"
"12.10.2021","22.514","22.610","22.790","22.325","42.93K","-0.67%"
"11.10.2021","22.665","22.685","22.830","22.495","29.93K","-0.18%"
"08.10.2021","22.705","22.610","23.220","22.435","69.58K","0.21%"
"07.10.2021","22.658","22.640","22.840","22.385","41.56K","0.56%"
"06.10.2021","22.532","22.635","22.700","22.185","38.89K","-0.34%"
"05.10.2021","22.608","22.725","22.730","22.380","27.04K","-0.16%"
"04.10.2021","22.644","22.600","22.805","22.290","35.18K","0.48%"
"01.10.2021","22.536","22.185","22.600","21.990","43.51K","2.22%"
"30.09.2021","22.047","21.515","22.225","21.460","66.12K","2.62%"
"29.09.2021","21.485","22.475","22.565","21.410","80.16K","-4.37%"
"28.09.2021","22.467","22.625","22.680","22.080","55.49K","-1.00%"
"27.09.2021","22.694","22.395","22.865","22.390","36.11K","1.20%"
"24.09.2021","22.425","22.530","22.790","22.090","41.67K","-1.12%"
"23.09.2021","22.679","22.695","22.880","22.465","43.74K","-1.00%"
"22.09.2021","22.907","22.485","23.150","22.455","51.99K","1.31%"
"21.09.2021","22.611","22.265","22.720","22.210","41.11K","1.83%"
"20.09.2021","22.204","22.330","22.500","22.025","50.98K","-0.60%"
"17.09.2021","22.337","22.910","23.130","22.305","66.39K","-2.00%"
"16.09.2021","22.794","23.865","24.000","22.585","90.20K","-4.23%"
"15.09.2021","23.801","23.865","23.940","23.670","32.69K","-0.35%"
"14.09.2021","23.885","23.775","23.980","23.435","42.44K","0.37%"
"13.09.2021","23.796","23.790","23.890","23.360","47.76K","-0.44%"
"10.09.2021","23.900","24.100","24.345","23.760","39.09K","-1.15%"
"09.09.2021","24.177","23.995","24.355","23.865","43.41K","0.50%"
"08.09.2021","24.056","24.390","24.480","23.940","45.43K","-1.30%"
"06.09.2021","24.373","24.865","24.895","24.210","69.93K","-1.73%"
"03.09.2021","24.802","23.950","24.945","23.910","67.19K","3.70%"
"02.09.2021","23.918","24.200","24.275","23.815","36.86K","-1.25%"
"01.09.2021","24.221","23.935","24.325","23.775","48.67K","0.90%"
"31.08.2021","24.006","24.065","24.270","23.830","44.56K","0.00%"
"30.08.2021","24.006","24.130","24.280","23.950","47.98K","-0.43%"
"27.08.2021","24.110","23.610","24.180","23.355","61.30K","2.38%"
"26.08.2021","23.550","23.870","23.895","23.420","55.51K","-0.95%"
"25.08.2021","23.775","23.875","23.910","23.590","56.58K","-0.50%"
"24.08.2021","23.894","23.645","23.975","23.545","52.17K","1.01%"
"23.08.2021","23.656","22.985","23.705","22.925","57.34K","2.35%"
"20.08.2021","23.112","23.210","23.300","22.835","55.72K","-0.51%"
"19.08.2021","23.230","23.500","23.515","23.080","51.43K","-0.82%"
"18.08.2021","23.422","23.660","23.830","23.265","46.29K","-1.00%"
"17.08.2021","23.659","23.840","23.955","23.565","42.59K","-0.55%"
"16.08.2021","23.791","23.675","23.890","23.380","42.36K","0.05%"
"13.08.2021","23.779","23.155","23.830","23.130","53.76K","2.87%"
"12.08.2021","23.116","23.515","23.530","22.970","66.98K","-1.58%"
"11.08.2021","23.488","23.325","23.565","23.190","70.05K","0.41%"
"10.08.2021","23.392","23.450","23.675","23.220","62.93K","0.53%"
"09.08.2021","23.269","24.340","24.380","22.295","118.53K","-4.35%"
"06.08.2021","24.326","25.195","25.230","24.205","113.95K","-3.82%"
"05.08.2021","25.292","25.425","25.565","25.115","42.43K","-0.66%"
"04.08.2021","25.461","25.590","26.090","25.375","72.93K","-0.47%"
"03.08.2021","25.582","25.470","25.665","25.270","45.85K","0.03%"
"02.08.2021","25.575","25.625","25.675","25.345","52.01K","0.11%"
"30.07.2021","25.547","25.600","25.685","25.395","43.33K","-0.91%"
"29.07.2021","25.782","25.015","25.875","25.000","70.55K","3.64%"
"28.07.2021","24.877","24.730","25.060","24.655","54.85K","0.92%"
"27.07.2021","24.649","25.255","25.320","24.515","80.91K","-2.64%"
"26.07.2021","25.318","25.270","25.510","25.175","40.29K","0.34%"
"23.07.2021","25.233","25.480","25.535","25.050","39.88K","-0.58%"
"22.07.2021","25.381","25.330","25.515","25.060","48.08K","0.50%"
"21.07.2021","25.255","24.975","25.365","24.790","50.53K","1.04%"
"20.07.2021","24.995","25.240","25.315","24.840","64.68K","-0.59%"
"19.07.2021","25.144","25.700","25.805","25.035","86.39K","-2.52%"
"16.07.2021","25.795","26.430","26.550","25.640","78.28K","-2.27%"
"15.07.2021","26.394","26.325","26.490","26.245","35.26K","0.47%"
"14.07.2021","26.271","26.055","26.575","26.010","65.10K","0.50%"
"13.07.2021","26.140","26.320","26.440","26.005","50.73K","-0.38%"
"12.07.2021","26.239","26.185","26.375","25.930","43.37K","0.02%"
"09.07.2021","26.234","26.005","26.300","25.820","45.50K","0.95%"
"08.07.2021","25.987","26.265","26.310","25.875","59.52K","-0.54%"
"07.07.2021","26.129","26.265","26.545","26.060","50.06K","-0.17%"
"05.07.2021","26.174","26.640","26.910","26.100","80.50K","-1.23%"
"02.07.2021","26.501","26.145","26.700","26.100","57.34K","1.54%"
"01.07.2021","26.100","26.250","26.525","26.045","54.77K","-0.36%"
"30.06.2021","26.194","25.875","26.275","25.800","44.64K","1.13%"
"29.06.2021","25.901","26.235","26.235","25.580","75.84K","-1.23%"
"28.06.2021","26.223","26.190","26.295","25.845","42.31K","0.52%"
"25.06.2021","26.087","26.010","26.380","25.970","49.17K","0.14%"
"24.06.2021","26.050","25.935","26.245","25.865","53.06K","-0.23%"
"23.06.2021","26.111","25.835","26.370","25.800","66.10K","0.98%"
"22.06.2021","25.857","25.995","26.085","25.735","54.12K","-0.65%"
"21.06.2021","26.025","25.865","26.135","25.580","66.36K","0.22%"
"18.06.2021","25.969","25.950","26.555","25.770","88.18K","0.44%"
"17.06.2021","25.856","27.005","27.320","25.820","156.97K","-7.03%"
"16.06.2021","27.812","27.795","27.970","26.700","74.31K","0.43%"
"15.06.2021","27.693","28.000","28.030","27.485","63.84K","-1.23%"
"14.06.2021","28.039","28.095","28.160","27.565","61.12K","-0.38%"
"11.06.2021","28.146","28.145","28.445","28.025","75.34K","0.41%"
"10.06.2021","28.031","27.905","28.180","27.475","82.06K","0.10%"
"09.06.2021","28.002","27.735","28.145","27.620","64.18K","0.98%"
"08.06.2021","27.731","28.025","28.120","27.610","70.19K","-1.02%"
"07.06.2021","28.018","27.910","28.085","27.595","63.09K","0.44%"
"04.06.2021","27.896","27.530","27.980","27.310","76.80K","1.52%"
"03.06.2021","27.477","28.295","28.370","27.090","106.48K","-2.58%"
"02.06.2021","28.204","27.995","28.320","27.765","53.89K","0.36%"
"31.05.2021","28.102","28.060","28.710","27.930","108.88K","0.31%"
"28.05.2021","28.014","27.980","28.095","27.480","66.46K","0.26%"
"27.05.2021","27.940","27.765","27.995","27.575","56.81K","0.23%"
"26.05.2021","27.877","28.105","28.340","27.685","65.97K","-0.64%"
"25.05.2021","28.056","27.880","28.160","27.545","69.31K","0.54%"
"24.05.2021","27.905","27.690","28.015","27.550","51.12K","1.52%"
"21.05.2021","27.486","27.870","28.195","27.265","78.64K","-2.07%"
"20.05.2021","28.067","27.840","28.125","27.490","55.96K","0.15%"
"19.05.2021","28.025","28.300","28.365","27.425","109.07K","-1.09%"
"18.05.2021","28.333","28.325","28.900","28.120","77.21K","0.21%"
"17.05.2021","28.274","27.515","28.435","27.440","86.80K","3.32%"
"14.05.2021","27.365","27.190","27.595","26.920","58.61K","1.13%"
"13.05.2021","27.059","27.095","27.330","26.780","63.63K","-0.68%"
"12.05.2021","27.244","27.760","27.830","27.030","77.86K","-1.53%"
"11.05.2021","27.667","27.400","27.780","27.180","62.13K","0.64%"
"10.05.2021","27.492","27.680","28.005","27.320","65.17K","0.05%"
"07.05.2021","27.477","27.450","27.800","27.230","80.78K","0.00%"
"06.05.2021","27.477","26.590","27.585","26.245","90.93K","3.60%"
"05.05.2021","26.522","26.595","26.710","26.165","40.71K","-0.14%"
"04.05.2021","26.558","27.015","27.240","26.160","76.95K","-1.49%"
"03.05.2021","26.960","25.990","27.115","25.850","77.32K","4.20%"
"30.04.2021","25.873","26.170","26.275","25.855","55.51K","-0.81%"
"29.04.2021","26.085","26.300","26.580","25.745","81.33K","0.00%"
"28.04.2021","26.085","26.325","26.345","25.840","62.06K","-1.23%"
"27.04.2021","26.410","26.275","26.515","26.100","65.27K","0.77%"
"26.04.2021","26.209","26.045","26.280","25.895","59.86K","0.51%"
"23.04.2021","26.075","26.195","26.470","25.890","63.84K","-0.40%"
"22.04.2021","26.180","26.650","26.670","26.025","84.13K","-1.47%"
"21.04.2021","26.570","25.880","26.730","25.795","94.21K","2.83%"
"20.04.2021","25.840","25.875","26.150","25.725","70.92K","0.01%"
"19.04.2021","25.837","26.055","26.280","25.670","68.09K","-1.03%"
"16.04.2021","26.105","25.940","26.380","25.795","58.50K","0.54%"
"15.04.2021","25.964","25.480","26.070","25.380","72.56K","1.72%"
"14.04.2021","25.524","25.405","25.590","25.235","56.47K","0.39%"
"13.04.2021","25.426","24.830","25.540","24.680","77.44K","2.25%"
"12.04.2021","24.867","25.300","25.330","24.725","65.06K","-1.81%"
"09.04.2021","25.325","25.530","25.555","25.010","60.53K","-1.02%"
"08.04.2021","25.585","25.210","25.675","25.020","65.65K","1.34%"
"07.04.2021","25.247","25.210","25.330","24.895","44.35K","0.08%"
"06.04.2021","25.227","24.905","25.355","24.795","53.64K","1.80%"
"05.04.2021","24.780","25.050","25.140","24.660","39.25K","-0.67%"
"01.04.2021","24.948","24.460","25.045","24.270","63.17K","1.70%"
"31.03.2021","24.532","24.045","24.565","23.740","65.79K","1.64%"
"30.03.2021","24.137","24.725","24.770","23.880","72.66K","-2.56%"
"29.03.2021","24.771","25.105","25.150","24.480","52.99K","-1.37%"
"26.03.2021","25.114","25.150","25.335","24.920","42.08K","0.27%"
"25.03.2021","25.047","25.170","25.255","24.435","86.47K","-0.73%"
"24.03.2021","25.231","25.120","25.430","25.020","42.91K","0.02%"
"23.03.2021","25.227","25.850","25.915","25.050","63.34K","-2.10%"
"22.03.2021","25.769","26.340","26.350","25.450","62.03K","-2.10%"
"19.03.2021","26.321","26.150","26.400","25.925","51.79K","-0.11%"
"18.03.2021","26.351","26.400","26.740","25.875","76.40K","1.12%"
"17.03.2021","26.058","26.005","26.615","25.805","55.13K","0.21%"
"16.03.2021","26.003","26.340","26.405","25.885","47.61K","-1.08%"
"15.03.2021","26.288","26.070","26.390","25.845","48.44K","1.45%"
"12.03.2021","25.911","26.195","26.235","25.425","56.88K","-1.08%"
"11.03.2021","26.193","26.315","26.545","25.885","55.08K","0.24%"
"10.03.2021","26.130","26.025","26.315","25.610","53.39K","-0.20%"
"09.03.2021","26.183","25.170","26.220","25.090","69.61K","3.62%"
"08.03.2021","25.269","25.400","25.965","24.970","61.34K","-0.07%"
"05.03.2021","25.287","25.385","25.505","24.845","79.26K","-0.68%"
"04.03.2021","25.461","26.175","26.385","25.080","95.00K","-3.51%"
"03.03.2021","26.387","26.860","26.915","25.875","82.46K","-1.83%"
"02.03.2021","26.879","26.630","26.985","25.820","82.14K","0.75%"
"01.03.2021","26.678","26.700","27.175","26.510","71.64K","0.90%"
"26.02.2021","26.440","27.530","27.650","26.160","116.75K","-4.50%"
"25.02.2021","27.685","28.080","28.345","27.345","109.69K","-0.62%"
"24.02.2021","27.859","27.715","28.080","27.365","73.50K","0.62%"
"23.02.2021","27.688","28.250","28.425","27.285","104.38K","-1.41%"
"22.02.2021","28.085","27.555","28.345","27.330","106.24K","3.05%"
"19.02.2021","27.254","27.110","27.710","26.105","96.26K","0.65%"
"18.02.2021","27.078","27.465","27.595","26.905","84.30K","-0.87%"
"17.02.2021","27.315","27.310","27.490","26.915","73.03K","-0.04%"
"15.02.2021","27.325","27.490","28.075","26.870","129.34K","-0.01%"
"12.02.2021","27.328","27.020","27.500","26.910","53.47K","1.04%"
"11.02.2021","27.047","27.095","27.350","26.750","62.16K","-0.11%"
"10.02.2021","27.078","27.350","27.595","26.880","71.17K","-1.18%"
"09.02.2021","27.402","27.370","27.875","27.130","81.81K","-0.63%"
"08.02.2021","27.576","27.200","27.700","26.930","84.38K","2.06%"
"05.02.2021","27.019","26.420","27.105","26.255","90.32K","2.99%"
"04.02.2021","26.234","26.960","27.015","25.935","104.91K","-2.44%"
"03.02.2021","26.889","26.735","27.260","26.545","93.58K","1.84%"
"02.02.2021","26.402","29.095","29.150","26.350","208.63K","-10.25%"
"01.02.2021","29.418","28.425","30.350","28.155","325.63K","9.30%"
"29.01.2021","26.914","26.625","27.770","26.150","187.56K","3.83%"
"28.01.2021","25.922","25.330","27.100","24.895","190.87K","2.10%"
"27.01.2021","25.389","25.530","25.545","24.715","96.67K","-0.58%"
"26.01.2021","25.538","25.395","25.720","25.230","52.74K","0.21%"
"25.01.2021","25.484","25.535","25.835","25.205","73.17K","-0.28%"
"22.01.2021","25.556","26.025","26.045","25.050","75.21K","-1.15%"
"21.01.2021","25.854","25.910","26.130","25.700","59.50K","0.34%"
"20.01.2021","25.766","25.290","25.960","25.060","80.82K","1.76%"
"18.01.2021","25.320","24.835","25.480","24.040","108.90K","1.83%"
"15.01.2021","24.866","25.610","25.865","24.610","106.18K","-3.63%"
"14.01.2021","25.802","25.290","25.990","25.095","84.24K","0.90%"
"13.01.2021","25.572","25.655","25.785","25.170","58.51K","0.54%"
"12.01.2021","25.435","25.015","25.745","25.000","65.92K","0.60%"
"11.01.2021","25.284","25.470","25.595","24.365","106.00K","2.63%"
"08.01.2021","24.637","27.280","27.335","24.530","186.37K","-9.63%"
"07.01.2021","27.261","27.410","27.495","27.020","69.49K","0.81%"
"06.01.2021","27.042","27.720","28.105","26.700","129.36K","-2.16%"
"05.01.2021","27.640","27.355","27.850","27.150","67.46K","1.01%"
"04.01.2021","27.364","26.770","27.760","26.730","113.76K","3.60%"
"31.12.2020","26.412","26.835","26.880","26.345","39.62K","-0.61%"
"30.12.2020","26.573","26.325","26.835","26.260","47.68K","1.36%"
"29.12.2020","26.217","26.450","26.770","26.075","64.31K","-1.21%"
"28.12.2020","26.539","26.130","26.980","26.000","81.41K","2.44%"
"24.12.2020","25.908","25.740","26.080","25.535","35.14K","-0.05%"
"23.12.2020","25.921","25.315","25.960","25.185","65.50K","1.51%"
"22.12.2020","25.535","26.420","26.815","25.225","108.02K","-3.20%"
"21.12.2020","26.379","26.110","27.635","25.120","133.74K","1.33%"
"18.12.2020","26.033","26.255","26.350","25.865","70.35K","-0.57%"
"17.12.2020","26.181","25.500","26.305","25.335","97.95K","4.51%"
"16.12.2020","25.052","24.645","25.640","24.575","97.98K","1.66%"
"15.12.2020","24.644","23.965","24.700","23.940","62.40K","2.48%"
"14.12.2020","24.047","24.140","24.365","23.755","55.68K","-0.19%"
"11.12.2020","24.092","24.135","24.245","23.690","50.25K","-0.01%"
"10.12.2020","24.094","24.055","24.430","23.825","58.69K","0.43%"
"09.12.2020","23.990","24.735","24.755","23.695","84.50K","-3.02%"
"08.12.2020","24.736","24.655","25.015","24.550","58.83K","-0.23%"
"07.12.2020","24.794","24.310","24.940","23.630","83.05K","2.23%"
"04.12.2020","24.253","24.195","24.585","24.065","68.53K","0.48%"
"03.12.2020","24.137","24.220","24.420","23.850","73.44K","0.24%"
"02.12.2020","24.080","24.130","24.455","23.680","76.79K","-0.04%"
"01.12.2020","24.090","22.700","24.180","22.665","89.39K","6.63%"
"30.11.2020","22.593","22.780","22.830","21.960","95.29K","-0.20%"
"26.11.2020","22.639","23.485","23.575","22.400","94.53K","-3.09%"
"25.11.2020","23.362","23.290","23.545","23.115","57.05K","0.27%"
"24.11.2020","23.300","23.630","23.650","22.935","106.07K","-1.41%"
"23.11.2020","23.633","24.225","24.455","23.460","106.43K","-3.00%"
"20.11.2020","24.363","24.115","24.600","23.955","76.35K","1.31%"
"19.11.2020","24.048","24.380","24.425","23.670","94.81K","-1.64%"
"18.11.2020","24.448","24.565","24.780","24.235","82.57K","-0.82%"
"17.11.2020","24.651","24.880","24.900","24.435","57.85K","-0.61%"
"16.11.2020","24.802","24.800","25.155","24.255","81.63K","0.11%"
"13.11.2020","24.775","24.365","24.900","24.215","60.87K","1.93%"
"12.11.2020","24.306","24.360","24.475","24.090","62.74K","0.16%"
"11.11.2020","24.267","24.305","24.510","23.810","76.99K","-0.80%"
"10.11.2020","24.462","24.180","24.580","23.950","87.44K","3.21%"
"09.11.2020","23.701","25.860","26.135","23.600","168.83K","-7.64%"
"06.11.2020","25.662","25.450","25.975","25.010","114.86K","1.87%"
"05.11.2020","25.191","23.980","25.540","23.955","107.65K","5.43%"
"04.11.2020","23.893","24.290","24.620","23.260","101.89K","-1.81%"
"03.11.2020","24.334","24.170","24.485","23.975","60.02K","1.25%"
"02.11.2020","24.033","23.635","24.260","23.460","74.90K","1.64%"
"30.10.2020","23.646","23.350","23.910","23.230","80.57K","1.22%"
"29.10.2020","23.360","23.440","23.650","22.625","102.57K","0.00%"
"28.10.2020","23.359","24.495","24.675","23.060","131.77K","-4.93%"
"27.10.2020","24.570","24.385","24.760","24.265","52.48K","0.61%"
"26.10.2020","24.420","24.750","24.765","24.145","68.93K","-1.03%"
"23.10.2020","24.675","24.835","24.980","24.500","52.73K","-0.14%"
"22.10.2020","24.709","25.180","25.225","24.460","74.44K","-2.11%"
"21.10.2020","25.241","24.795","25.425","24.775","77.69K","1.04%"
"20.10.2020","24.980","24.485","25.060","24.405","57.37K","1.14%"
"19.10.2020","24.698","24.290","25.120","24.215","63.70K","1.20%"
"16.10.2020","24.405","24.430","24.660","24.185","50.59K","0.75%"
"15.10.2020","24.224","24.370","24.440","23.650","72.42K","-0.70%"
"14.10.2020","24.395","24.240","24.725","23.930","63.47K","1.10%"
"13.10.2020","24.129","25.240","25.310","24.015","94.21K","-4.52%"
"12.10.2020","25.271","25.280","25.710","24.905","70.14K","0.65%"
"09.10.2020","25.108","23.970","25.330","23.965","74.75K","5.16%"
"08.10.2020","23.876","23.925","24.355","23.775","46.73K","-0.08%"
"07.10.2020","23.896","23.160","24.120","23.090","59.07K","-0.10%"
"06.10.2020","23.921","24.520","24.650","22.965","72.23K","-2.60%"
"05.10.2020","24.560","24.075","24.675","23.805","50.31K","2.21%"
"02.10.2020","24.029","23.900","24.355","23.580","66.34K","-0.93%"
"01.10.2020","24.254","23.355","24.320","23.325","71.45K","3.23%"
"30.09.2020","23.494","24.505","24.505","23.235","90.77K","-3.89%"
"29.09.2020","24.445","23.805","24.545","23.510","79.19K","3.56%"
"28.09.2020","23.604","22.995","23.860","22.610","78.58K","2.21%"
"25.09.2020","23.093","23.240","23.415","22.520","92.92K","-0.44%"
"24.09.2020","23.196","22.875","23.440","21.810","159.01K","0.39%"
"23.09.2020","23.105","24.525","24.620","22.725","151.99K","-5.78%"
"22.09.2020","24.523","24.785","25.300","23.910","109.44K","0.56%"
"21.09.2020","24.387","27.005","27.130","23.780","180.81K","-10.11%"
"18.09.2020","27.129","27.285","27.580","26.870","53.09K","0.11%"
"17.09.2020","27.100","27.345","27.400","26.405","95.31K","-1.37%"
"16.09.2020","27.476","27.350","27.705","27.055","63.70K","0.04%"
"15.09.2020","27.464","27.380","27.865","27.195","60.45K","0.40%"
"14.09.2020","27.355","26.910","27.545","26.850","53.42K","1.85%"
"11.09.2020","26.857","27.035","27.240","26.725","60.57K","-1.59%"
"10.09.2020","27.291","27.185","27.755","26.865","86.96K","0.77%"
"09.09.2020","27.083","26.905","27.325","26.565","60.07K","0.34%"
"07.09.2020","26.991","27.040","27.385","25.985","139.90K","1.04%"
"04.09.2020","26.712","26.765","27.245","26.455","114.60K","-0.61%"
"03.09.2020","26.875","27.635","27.890","26.630","125.57K","-1.90%"
"02.09.2020","27.395","28.385","28.540","27.275","126.39K","-4.36%"
"01.09.2020","28.645","28.430","29.235","27.835","115.76K","0.18%"
"31.08.2020","28.594","27.830","28.650","27.790","91.97K","2.89%"
"28.08.2020","27.790","27.265","27.990","27.050","103.77K","2.83%"
"27.08.2020","27.025","27.645","28.035","26.565","131.42K","-1.54%"
"26.08.2020","27.449","26.610","27.665","26.155","137.13K","4.48%"
"25.08.2020","26.273","26.655","26.855","26.130","100.45K","-1.26%"
"24.08.2020","26.607","26.890","27.340","26.330","122.35K","-0.47%"
"21.08.2020","26.732","27.375","27.635","26.095","160.04K","-1.53%"
"20.08.2020","27.147","26.770","27.630","26.650","153.75K","-0.71%"
"19.08.2020","27.340","27.855","28.130","26.530","212.26K","-2.62%"
"18.08.2020","28.075","27.620","28.605","27.190","213.36K","1.47%"
"17.08.2020","27.667","26.670","27.710","25.915","164.74K","6.05%"
"14.08.2020","26.089","27.620","27.885","25.780","223.22K","-5.88%"
"13.08.2020","27.718","25.630","27.855","25.355","245.90K","6.69%"
"12.08.2020","25.979","24.900","26.355","23.580","241.93K","-0.27%"
"11.08.2020","26.049","29.235","29.440","24.480","355.28K","-10.98%"
"10.08.2020","29.261","28.525","29.530","27.960","242.86K","6.25%"
"07.08.2020","27.540","29.025","29.915","27.430","283.92K","-3.03%"
"06.08.2020","28.400","27.105","29.200","26.935","236.12K","5.62%"
"05.08.2020","26.890","26.290","27.250","25.640","212.52K","3.31%"
"04.08.2020","26.028","24.490","26.260","24.240","157.04K","6.60%"
"03.08.2020","24.417","24.680","25.275","24.160","78.82K","0.83%"
"31.07.2020","24.216","23.625","24.670","23.410","139.82K","3.66%"
"30.07.2020","23.362","24.450","24.580","23.000","154.86K","-3.94%"
"29.07.2020","24.321","24.580","25.120","23.435","138.90K","0.09%"
"28.07.2020","24.300","24.700","26.275","22.460","253.67K","-0.82%"
"27.07.2020","24.501","22.970","24.820","22.940","188.89K","7.23%"
"24.07.2020","22.850","22.835","23.185","22.580","111.99K","-0.60%"
"23.07.2020","22.988","23.405","23.670","22.475","182.28K","-0.67%"
"22.07.2020","23.144","21.700","23.420","21.680","202.39K","7.36%"
"21.07.2020","21.557","20.340","21.725","20.315","142.78K","6.76%"
"20.07.2020","20.192","19.765","20.340","19.655","80.32K","2.17%"
"17.07.2020","19.764","19.535","19.790","19.355","56.42K","0.98%"
"16.07.2020","19.573","19.820","19.870","19.475","54.37K","-0.95%"
"15.07.2020","19.761","19.645","19.845","19.525","58.39K","1.18%"
"14.07.2020","19.530","19.455","19.685","19.240","73.78K","-1.30%"
"13.07.2020","19.788","19.080","19.810","19.080","85.99K","3.86%"
"10.07.2020","19.053","19.025","19.195","18.910","62.08K","0.48%"
"09.07.2020","18.962","19.150","19.445","18.830","102.76K","-1.04%"
"08.07.2020","19.161","18.625","19.215","18.585","84.23K","2.47%"
"07.07.2020","18.699","18.585","18.720","18.235","71.67K","0.63%"
"03.07.2020","18.582","18.270","18.780","18.230","63.13K","1.42%"
"02.07.2020","18.322","18.285","18.400","17.995","49.86K","0.57%"
"01.07.2020","18.218","18.580","18.850","18.095","86.82K","-2.25%"
"30.06.2020","18.637","18.095","18.655","18.020","75.09K","3.17%"
"29.06.2020","18.064","18.110","18.285","17.935","50.25K","-0.57%"
"26.06.2020","18.168","18.075","18.255","17.680","37.22K","1.53%"
"25.06.2020","17.895","17.575","17.940","17.500","46.32K","1.27%"
"24.06.2020","17.670","18.100","18.255","17.425","71.47K","-2.18%"
"23.06.2020","18.063","17.805","18.140","17.730","75.91K","0.90%"
"22.06.2020","17.902","17.920","18.190","17.785","75.21K","0.31%"
"19.06.2020","17.847","17.490","18.030","17.470","64.57K","1.94%"
"18.06.2020","17.508","17.705","17.920","17.400","47.76K","-1.50%"
"17.06.2020","17.775","17.630","17.815","17.515","43.10K","0.70%"
"16.06.2020","17.652","17.520","17.790","17.465","65.04K","1.45%"
"15.06.2020","17.399","17.560","17.630","17.015","75.74K","-0.47%"
"12.06.2020","17.482","17.755","17.870","17.470","60.63K","-2.28%"
"11.06.2020","17.889","18.335","18.390","17.600","90.45K","0.52%"
"10.06.2020","17.796","17.740","18.405","17.685","88.22K","0.01%"
"09.06.2020","17.794","17.945","17.990","17.685","54.90K","-0.55%"
"08.06.2020","17.893","17.545","17.980","17.495","61.18K","2.37%"
"05.06.2020","17.479","18.020","18.050","17.375","87.12K","-3.22%"
"04.06.2020","18.061","17.965","18.130","17.785","56.56K","0.57%"
"03.06.2020","17.958","18.395","18.405","17.675","72.24K","-1.65%"
"02.06.2020","18.260","18.850","18.900","18.115","78.44K","-3.01%"
"01.06.2020","18.827","18.635","18.950","18.455","62.65K","1.77%"
"29.05.2020","18.499","17.920","18.550","17.810","64.04K","2.96%"
"28.05.2020","17.967","17.800","18.110","17.685","61.04K","1.18%"
"27.05.2020","17.757","17.560","17.860","17.225","65.07K","0.92%"
"25.05.2020","17.595","17.690","18.040","17.370","77.62K","-0.55%"
"22.05.2020","17.693","17.435","17.770","17.190","51.24K","1.89%"
"21.05.2020","17.364","18.055","18.060","17.260","74.68K","-3.70%"
"20.05.2020","18.031","17.875","18.165","17.755","62.49K","0.73%"
"19.05.2020","17.901","17.370","18.010","17.340","66.69K","2.48%"
"18.05.2020","17.468","17.225","17.985","17.125","91.02K","2.33%"
"15.05.2020","17.070","16.185","17.150","16.155","80.68K","5.66%"
"14.05.2020","16.156","15.755","16.225","15.660","52.22K","3.09%"
"13.05.2020","15.671","15.625","15.910","15.545","42.56K","-0.24%"
"12.05.2020","15.709","15.700","15.880","15.525","35.61K","0.18%"
"11.05.2020","15.680","15.755","15.920","15.510","37.38K","-0.62%"
"08.05.2020","15.778","15.625","15.980","15.505","58.81K","1.21%"
"07.05.2020","15.590","14.920","15.695","14.920","49.27K","3.83%"
"06.05.2020","15.015","15.115","15.390","14.840","38.73K","-0.63%"
"05.05.2020","15.110","14.845","15.200","14.760","32.04K","2.12%"
"04.05.2020","14.796","15.075","15.225","14.760","37.06K","-0.95%"
"01.05.2020","14.938","15.075","15.150","14.820","32.19K","-0.23%"
"30.04.2020","14.973","15.530","15.940","14.850","66.67K","-2.23%"
"29.04.2020","15.315","15.330","15.605","15.235","42.10K","0.95%"
"28.04.2020","15.171","15.295","15.330","14.940","28.28K","-0.26%"
"27.04.2020","15.210","15.320","15.445","15.105","30.55K","-0.35%"
"24.04.2020","15.263","15.375","15.550","15.090","39.19K","-0.61%"
"23.04.2020","15.357","15.280","15.720","15.205","47.87K","0.14%"
"22.04.2020","15.335","14.960","15.365","14.775","42.94K","3.09%"
"21.04.2020","14.876","15.535","15.560","14.560","68.55K","-4.73%"
"20.04.2020","15.614","15.285","15.690","15.215","34.45K","2.09%"
"17.04.2020","15.295","15.750","15.800","15.195","41.18K","-2.09%"
"16.04.2020","15.622","15.650","15.915","15.430","43.47K","0.75%"
"15.04.2020","15.505","16.060","16.080","15.480","51.17K","-3.87%"
"14.04.2020","16.130","15.655","16.300","15.655","63.63K","3.82%"
"13.04.2020","15.537","15.875","15.975","15.385","50.16K","-3.21%"
"09.04.2020","16.053","15.215","16.090","15.175","64.32K","5.58%"
"08.04.2020","15.205","15.305","15.445","15.110","43.34K","-1.93%"
"07.04.2020","15.504","15.650","15.785","15.265","0.07K","2.05%"
"06.04.2020","15.193","14.655","15.260","14.645","0.09K","4.65%"
"03.04.2020","14.518","14.680","14.750","14.540","0.06K","-1.09%"
"02.04.2020","14.678","14.585","14.585","14.575","0.00K","4.78%"
"01.04.2020","14.008","14.175","14.175","14.175","0.00K","-1.21%"
"31.03.2020","14.180","14.105","14.340","14.105","0.01K","0.17%"
"30.03.2020","14.156","14.156","14.156","14.156","58.90K","-2.60%"
"27.03.2020","14.534","14.660","14.840","14.345","54.39K","-0.97%"
"26.03.2020","14.676","14.770","14.980","14.400","52.83K","-1.32%"
"25.03.2020","14.873","14.415","14.930","14.205","78.77K","4.32%"
"24.03.2020","14.257","13.320","14.435","13.220","109.94K","7.51%"
"23.03.2020","13.261","12.615","13.330","12.290","74.90K","7.07%"
"20.03.2020","12.385","12.125","13.095","12.005","81.76K","2.07%"
"19.03.2020","12.134","11.975","12.330","11.760","77.37K","3.08%"
"18.03.2020","11.772","12.610","12.905","11.640","122.77K","-5.79%"
"17.03.2020","12.495","12.860","13.230","12.110","111.38K","-2.50%"
"16.03.2020","12.816","15.100","15.245","11.770","148.46K","-11.61%"
"13.03.2020","14.500","15.825","15.890","14.425","162.45K","-9.40%"
"12.03.2020","16.005","16.720","16.910","15.505","147.26K","-4.60%"
"11.03.2020","16.776","16.875","17.110","16.660","56.85K","-1.06%"
"10.03.2020","16.955","17.020","17.200","16.790","76.90K","-0.58%"
"09.03.2020","17.054","17.490","17.615","16.550","128.27K","-1.21%"
"06.03.2020","17.263","17.450","17.575","17.015","94.55K","-0.75%"
"05.03.2020","17.393","17.230","17.465","17.150","53.48K","0.85%"
"04.03.2020","17.246","17.205","17.335","17.075","67.25K","0.34%"
"03.03.2020","17.188","16.665","17.480","16.665","114.57K","2.68%"
"02.03.2020","16.739","16.500","17.060","16.445","104.98K","1.71%"
"28.02.2020","16.457","17.760","17.885","16.400","221.54K","-7.21%"
"27.02.2020","17.735","17.945","18.160","17.630","122.38K","-0.78%"
"26.02.2020","17.874","18.035","18.205","17.785","1.16K","-1.95%"
"25.02.2020","18.229","18.665","18.665","17.910","1.23K","-3.67%"
"24.02.2020","18.923","18.675","18.960","18.585","1.00K","1.85%"
"21.02.2020","18.579","18.440","18.665","18.415","0.99K","1.15%"
"20.02.2020","18.367","18.415","18.455","18.255","0.86K","0.04%"
"19.02.2020","18.359","18.200","18.455","18.200","0.45K","0.92%"
"18.02.2020","18.192","17.760","18.240","17.760","0.56K","0.23%"
"17.02.2020","18.150","17.725","18.215","17.670","129.96K","2.11%"
"14.02.2020","17.775","17.675","17.825","17.675","0.04K","0.65%"
"13.02.2020","17.660","17.575","17.715","17.575","0.09K","0.70%"
"12.02.2020","17.537","17.620","17.620","17.480","0.15K","-0.57%"
"11.02.2020","17.638","17.770","17.770","17.595","0.04K","-1.05%"
"10.02.2020","17.826","17.765","17.855","17.725","0.07K","0.52%"
"07.02.2020","17.733","17.770","17.830","17.725","0.04K","-0.69%"
"06.02.2020","17.857","17.635","17.905","17.635","0.07K","1.21%"
"05.02.2020","17.643","17.585","17.700","17.560","0.04K","0.24%"
"04.02.2020","17.600","17.745","17.755","17.585","0.08K","-0.63%"
"03.02.2020","17.712","18.135","18.135","17.640","0.05K","-1.88%"
"31.01.2020","18.052","18.070","18.070","18.070","0.02K","0.11%"
"30.01.2020","18.032","18.032","18.032","18.032","96.96K","3.12%"
"29.01.2020","17.487","17.440","17.575","17.280","63.16K","0.17%"
"28.01.2020","17.458","18.095","18.115","17.420","110.54K","-3.31%"
"27.01.2020","18.056","18.260","18.375","18.040","67.72K","-0.31%"
"24.01.2020","18.113","17.800","18.145","17.740","68.05K","1.59%"
"23.01.2020","17.829","17.835","17.910","17.590","69.27K","0.01%"
"22.01.2020","17.828","17.785","17.930","17.675","57.76K","0.11%"
"21.01.2020","17.808","18.040","18.155","17.620","135.96K","0.00%"
"20.01.2020","17.808","18.040","18.155","17.620","135.96K","-1.47%"
"17.01.2020","18.073","17.950","18.185","17.905","69.18K","0.75%"
"16.01.2020","17.939","18.010","18.055","17.875","58.31K","-0.27%"
"15.01.2020","17.988","17.800","18.055","17.755","73.76K","1.39%"
"14.01.2020","17.742","17.975","17.985","17.690","84.39K","-1.41%"
"13.01.2020","17.996","18.130","18.130","17.935","59.33K","-0.60%"
"10.01.2020","18.105","17.920","18.175","17.860","80.66K","0.94%"
"09.01.2020","17.936","18.120","18.225","17.815","101.36K","-1.27%"
"08.01.2020","18.167","18.450","18.895","18.085","180.48K","-1.23%"
"07.01.2020","18.393","18.185","18.470","17.975","111.96K","1.18%"
"06.01.2020","18.179","18.170","18.550","18.045","136.41K","0.15%"
"03.01.2020","18.151","18.070","18.325","18.040","110.02K","0.58%"
"02.01.2020","18.046","17.905","18.150","17.830","90.11K","0.70%"